material,sample_name,Run_accession,Type,archive_project,geo_loc_name,latitude,longitude,FileSize(GB),Source
Calculus,B61,SRR957738,aMetagenome,PRJNA216965,Germany,51.165691,10.451526,1.029504,Homo sapiens
Calculus,B61,SRR957739,aMetagenome,PRJNA216965,Germany,51.165691,10.451526,1.097742,Homo sapiens
Calculus,B61,SRR957740,aMetagenome,PRJNA216965,Germany,51.165691,10.451526,0.711023,Homo sapiens
Calculus,B61,SRR957741,aMetagenome,PRJNA216965,Germany,51.165691,10.451526,0.9364,Homo sapiens
Calculus,G12,SRR957742,aMetagenome,PRJNA216965,Germany,51.165691,10.451526,0.737749,Homo sapiens
Calculus,G12,SRR957743,aMetagenome,PRJNA216965,Germany,51.165691,10.451526,0.7470009999999999,Homo sapiens
Calculus,G12,SRR957744,aMetagenome,PRJNA216965,Germany,51.165691,10.451526,0.8458439999999999,Homo sapiens
Calculus,G12,SRR957745,aMetagenome,PRJNA216965,Germany,51.165691,10.451526,0.839634,Homo sapiens
Calculus,G12,SRR957746,aMetagenome,PRJNA216965,Germany,51.165691,10.451526,0.651704,Homo sapiens
Calculus,C214,SRR6877286,aMetagenome,PRJNA445215,Spain,40.463667,-3.74922,0.842602,Homo sapiens
Calculus,C53,SRR6877284,aMetagenome,PRJNA445215,Spain,40.463667,-3.74922,2.374508,Homo sapiens
Calculus,F1948,SRR6877290,aMetagenome,PRJNA445215,Guadeloupe,16.995971,-62.067641,0.952727,Homo sapiens
Calculus,F349A,SRR6877288,aMetagenome,PRJNA445215,Guadeloupe,16.995971,-62.067641,1.128154,Homo sapiens
Calculus,H10,SRR6877292,aMetagenome,PRJNA445215,Mongolia,46.862496,103.846656,1.521617,Homo sapiens
Calculus,H24,SRR6877323,aMetagenome,PRJNA445215,Mongolia,46.862496,103.846656,1.219069,Homo sapiens
Calculus,KT01,SRR6877304,aMetagenome,PRJNA445215,Ireland,53.41291,-8.24389,0.220773,Homo sapiens
Calculus,KT01,SRR6877305,aMetagenome,PRJNA445215,Ireland,53.41291,-8.24389,0.258482,Homo sapiens
Calculus,KT02,SRR6877392,aMetagenome,PRJNA445215,Ireland,53.41291,-8.24389,0.177801,Homo sapiens
Calculus,KT03,SRR6877308,aMetagenome,PRJNA445215,Ireland,53.41291,-8.24389,0.1828489999999999,Homo sapiens
Calculus,KT04,SRR6877303,aMetagenome,PRJNA445215,Ireland,53.41291,-8.24389,0.19891,Homo sapiens
Calculus,KT05,SRR6877372,aMetagenome,PRJNA445215,Ireland,53.41291,-8.24389,0.194161,Homo sapiens
Calculus,KT05,SRR6877370,aMetagenome,PRJNA445215,Ireland,53.41291,-8.24389,1.642966,Homo sapiens
Calculus,KT06,SRR6877376,aMetagenome,PRJNA445215,Ireland,53.41291,-8.24389,0.260882,Homo sapiens
Calculus,KT07,SRR6877374,aMetagenome,PRJNA445215,Ireland,53.41291,-8.24389,0.2351629999999999,Homo sapiens
Calculus,KT08,SRR6877378,aMetagenome,PRJNA445215,Ireland,53.41291,-8.24389,0.205778,Homo sapiens
Calculus,KT08,SRR6877388,aMetagenome,PRJNA445215,Ireland,53.41291,-8.24389,1.621445,Homo sapiens
Calculus,KT09,SRR6877390,aMetagenome,PRJNA445215,Ireland,53.41291,-8.24389,0.208456,Homo sapiens
Calculus,KT09,SRR6877384,aMetagenome,PRJNA445215,Ireland,53.41291,-8.24389,1.648644,Homo sapiens
Calculus,KT10,SRR6877386,aMetagenome,PRJNA445215,Ireland,53.41291,-8.24389,0.210811,Homo sapiens
Calculus,KT11,SRR6877382,aMetagenome,PRJNA445215,Ireland,53.41291,-8.24389,0.19266,Homo sapiens
Calculus,KT12,SRR6877354,aMetagenome,PRJNA445215,Ireland,53.41291,-8.24389,0.1637259999999999,Homo sapiens
Calculus,KT13,SRR6877356,aMetagenome,PRJNA445215,Ireland,53.41291,-8.24389,0.1847049999999999,Homo sapiens
Calculus,KT13,SRR6877350,aMetagenome,PRJNA445215,Ireland,53.41291,-8.24389,2.057293,Homo sapiens
Calculus,KT14,SRR6877352,aMetagenome,PRJNA445215,Ireland,53.41291,-8.24389,0.2062379999999999,Homo sapiens
Calculus,KT14,SRR6877358,aMetagenome,PRJNA445215,Ireland,53.41291,-8.24389,0.694956,Homo sapiens
Calculus,KT15,SRR6877367,aMetagenome,PRJNA445215,Ireland,53.41291,-8.24389,0.328279,Homo sapiens
Calculus,KT16,SRR6877365,aMetagenome,PRJNA445215,Ireland,53.41291,-8.24389,0.170822,Homo sapiens
Calculus,KT17,SRR6877363,aMetagenome,PRJNA445215,Ireland,53.41291,-8.24389,0.163028,Homo sapiens
Calculus,KT18,SRR6877361,aMetagenome,PRJNA445215,Ireland,53.41291,-8.24389,0.2522439999999999,Homo sapiens
Calculus,KT19,SRR6877369,aMetagenome,PRJNA445215,Ireland,53.41291,-8.24389,0.3122919999999999,Homo sapiens
Calculus,KT20,SRR6877338,aMetagenome,PRJNA445215,Ireland,53.41291,-8.24389,0.327017,Homo sapiens
Calculus,KT21,SRR6877336,aMetagenome,PRJNA445215,Ireland,53.41291,-8.24389,0.1711889999999999,Homo sapiens
Calculus,KT22,SRR6877334,aMetagenome,PRJNA445215,Ireland,53.41291,-8.24389,0.199726,Homo sapiens
Calculus,KT23,SRR6877332,aMetagenome,PRJNA445215,Ireland,53.41291,-8.24389,0.297403,Homo sapiens
Calculus,KT24,SRR6877330,aMetagenome,PRJNA445215,Ireland,53.41291,-8.24389,0.283522,Homo sapiens
Calculus,KT24,SRR6877342,aMetagenome,PRJNA445215,Ireland,53.41291,-8.24389,2.240747,Homo sapiens
Calculus,KT25,SRR6877344,aMetagenome,PRJNA445215,Ireland,53.41291,-8.24389,0.246077,Homo sapiens
Calculus,KT25,SRR6877346,aMetagenome,PRJNA445215,Ireland,53.41291,-8.24389,1.895502,Homo sapiens
Calculus,KT26,SRR6877348,aMetagenome,PRJNA445215,Ireland,53.41291,-8.24389,0.2564349999999999,Homo sapiens
Calculus,KT26,SRR6877340,aMetagenome,PRJNA445215,Ireland,53.41291,-8.24389,2.02029,Homo sapiens
Calculus,KT27,SRR6877395,aMetagenome,PRJNA445215,Ireland,53.41291,-8.24389,0.1870629999999999,Homo sapiens
Calculus,KT28,SRR6877397,aMetagenome,PRJNA445215,Ireland,53.41291,-8.24389,0.230076,Homo sapiens
Calculus,KT28,SRR6877399,aMetagenome,PRJNA445215,Ireland,53.41291,-8.24389,1.939523,Homo sapiens
Calculus,KT29,SRR6877401,aMetagenome,PRJNA445215,Ireland,53.41291,-8.24389,0.273804,Homo sapiens
Calculus,KT29,SRR6877403,aMetagenome,PRJNA445215,Ireland,53.41291,-8.24389,2.052481,Homo sapiens
Calculus,KT30,SRR6877294,aMetagenome,PRJNA445215,Ireland,53.41291,-8.24389,0.217913,Homo sapiens
Calculus,KT31,SRR6877328,aMetagenome,PRJNA445215,Ireland,53.41291,-8.24389,0.4181229999999999,Homo sapiens
Calculus,KT31,SRR6877339,aMetagenome,PRJNA445215,Ireland,53.41291,-8.24389,2.988599,Homo sapiens
Calculus,KT32,SRR6877296,aMetagenome,PRJNA445215,Ireland,53.41291,-8.24389,0.240341,Homo sapiens
Calculus,KT32,SRR6877300,aMetagenome,PRJNA445215,Ireland,53.41291,-8.24389,1.872898,Homo sapiens
Calculus,KT33,SRR6877316,aMetagenome,PRJNA445215,Ireland,53.41291,-8.24389,0.299908,Homo sapiens
Calculus,KT34,SRR6877318,aMetagenome,PRJNA445215,Ireland,53.41291,-8.24389,0.2633189999999999,Homo sapiens
Calculus,KT35,SRR6877320,aMetagenome,PRJNA445215,Ireland,53.41291,-8.24389,0.1909809999999999,Homo sapiens
Calculus,KT36,SRR6877322,aMetagenome,PRJNA445215,Ireland,53.41291,-8.24389,0.2449569999999999,Homo sapiens
Calculus,KT36,SRR6877313,aMetagenome,PRJNA445215,Ireland,53.41291,-8.24389,1.763828,Homo sapiens
Calculus,NF217,SRR6877312,aMetagenome,PRJNA445215,USA,37.09024,-95.712891,0.605139,Homo sapiens
Calculus,NF47,SRR6877310,aMetagenome,PRJNA445215,USA,37.09024,-95.712891,0.627281,Homo sapiens
Calculus,S108,SRR6877326,aMetagenome,PRJNA445215,Netherlands,52.132633,5.291266,0.709521,Homo sapiens
Calculus,S40,SRR6877324,aMetagenome,PRJNA445215,Nepal,28.394857,84.124008,0.876775,Homo sapiens
Calculus,S41,SRR6877282,aMetagenome,PRJNA445215,Nepal,28.394857,84.124008,1.050679,Homo sapiens
Calculus,S454,SRR6877393,aMetagenome,PRJNA445215,Netherlands,52.132633,5.291266,0.7570589999999999,Homo sapiens
Calculus,NF-217C-SG,SRR2229976,aMetagenome,PRJNA293758,USA,37.09024,-95.712891,0.000183,Homo sapiens
Calculus,NF-47C-SG,SRR2229974,aMetagenome,PRJNA293758,USA,37.09024,-95.712891,7.3e-05,Homo sapiens
Calculus,PI-420A-C,SRR9898613,aMetagenome,PRJNA557308,USA,37.09024,-95.712891,0.169836,Homo sapiens
Calculus,16,SRR5297130,aMetagenome,PRJNA377320,USA,37.09024,-95.712891,0.668779,Homo sapiens
Calculus,2,SRR5297133,aMetagenome,PRJNA377320,USA,37.09024,-95.712891,0.332194,Homo sapiens
Calculus,4,SRR5297132,aMetagenome,PRJNA377320,USA,37.09024,-95.712891,0.262494,Homo sapiens
Calculus,15,SRR5297131,aMetagenome,PRJNA377320,USA,37.09024,-95.712891,0.227036,Homo sapiens
Calculus,P.O 108-7,SRR12557008,aMetagenome,PRJNA660212,Italy,41.87194,12.56738,0.155161,Homo sapiens
Calculus,P.O Z. US44,SRR12557006,aMetagenome,PRJNA660212,Italy,41.87194,12.56738,0.4490269999999999,Homo sapiens
Calculus,P.O 898-11,SRR12557007,aMetagenome,PRJNA660212,Italy,41.87194,12.56738,0.647783,Homo sapiens
Calculus,A18023_Japan_Edo_4,SRR11176627,aMetagenome,PRJNA608555,Japan,36.204824,138.252924,3.438155,Homo sapiens
Calculus,A18022_Japan_Edo_3,SRR11176628,aMetagenome,PRJNA608555,Japan,36.204824,138.252924,1.277417,Homo sapiens
Calculus,A18021_Japan_Edo_2,SRR11176629,aMetagenome,PRJNA608555,Japan,36.204824,138.252924,1.970004,Homo sapiens
Calculus,A18020_Japan_Edo_1,SRR11176630,aMetagenome,PRJNA608555,Japan,36.204824,138.252924,1.5675439999999998,Homo sapiens
Calculus,A18019_Japan_Jomon_5,SRR11176631,aMetagenome,PRJNA608555,Japan,36.204824,138.252924,1.47529,Homo sapiens
Calculus,A18018_Japan_Jomon_4,SRR11176632,aMetagenome,PRJNA608555,Japan,36.204824,138.252924,0.8562489999999999,Homo sapiens
Calculus,A18017_Japan_Jomon_3,SRR11176633,aMetagenome,PRJNA608555,Japan,36.204824,138.252924,0.4051289999999999,Homo sapiens
Calculus,A18016_Japan_Jomon_2,SRR11176634,aMetagenome,PRJNA608555,Japan,36.204824,138.252924,0.959772,Homo sapiens
Calculus,A18033_Japan_Edo_10,SRR11176635,aMetagenome,PRJNA608555,Japan,36.204824,138.252924,1.7972519999999998,Homo sapiens
Calculus,A18032_Japan_Edo_9,SRR11176636,aMetagenome,PRJNA608555,Japan,36.204824,138.252924,1.724992,Homo sapiens
Calculus,A18027_Japan_Edo_8,SRR11176638,aMetagenome,PRJNA608555,Japan,36.204824,138.252924,0.584805,Homo sapiens
Calculus,A18026_Japan_Edo_7,SRR11176639,aMetagenome,PRJNA608555,Japan,36.204824,138.252924,2.03998,Homo sapiens
Calculus,A18025_Japan_Edo_6,SRR11176640,aMetagenome,PRJNA608555,Japan,36.204824,138.252924,2.745828,Homo sapiens
Calculus,A18024_Japan_Edo_5,SRR11176641,aMetagenome,PRJNA608555,Japan,36.204824,138.252924,1.778033,Homo sapiens
Calculus,A18015_Japan_Jomon_1,SRR11176642,aMetagenome,PRJNA608555,Japan,36.204824,138.252924,1.40074,Homo sapiens
Calculus,MAWB_15,SRR12462938,aMetagenome,PRJNA657275,Belize,17.189877,-88.49765,5.104856,Homo sapiens
Calculus,MAWB_12,SRR12462939,aMetagenome,PRJNA657275,Belize,17.189877,-88.49765,1.131099,Homo sapiens
Calculus,MAWB_11,SRR12462940,aMetagenome,PRJNA657275,Belize,17.189877,-88.49765,1.588821,Homo sapiens
Calculus,MAWB_10,SRR12462941,aMetagenome,PRJNA657275,Belize,17.189877,-88.49765,2.639828,Homo sapiens
Calculus,MAWB_6,SRR12462942,aMetagenome,PRJNA657275,Belize,17.189877,-88.49765,4.14985,Homo sapiens
Calculus,MAWB_5,SRR12462943,aMetagenome,PRJNA657275,Belize,17.189877,-88.49765,1.197575,Homo sapiens
Calculus,MAWB_3,SRR12462944,aMetagenome,PRJNA657275,Belize,17.189877,-88.49765,0.358697,Homo sapiens
Calculus,SA_011,SRR12462945,aMetagenome,PRJNA657275,Italy,41.87194,12.56738,1.809786,Homo sapiens
Calculus,SA_010,SRR12462930,aMetagenome,PRJNA657275,Italy,41.87194,12.56738,1.369291,Homo sapiens
Calculus,SA_009,SRR12462931,aMetagenome,PRJNA657275,Italy,41.87194,12.56738,1.817556,Homo sapiens
Calculus,SA_008,SRR12462932,aMetagenome,PRJNA657275,Italy,41.87194,12.56738,2.000988,Homo sapiens
Calculus,SA_007,SRR12462933,aMetagenome,PRJNA657275,Italy,41.87194,12.56738,1.629238,Homo sapiens
Calculus,SA_006,SRR12462934,aMetagenome,PRJNA657275,Italy,41.87194,12.56738,1.458009,Homo sapiens
Calculus,SA_005,SRR12462935,aMetagenome,PRJNA657275,Italy,41.87194,12.56738,1.93666,Homo sapiens
Calculus,SA_004,SRR12462936,aMetagenome,PRJNA657275,Italy,41.87194,12.56738,1.716386,Homo sapiens
Calculus,SA_003,SRR12462937,aMetagenome,PRJNA657275,Italy,41.87194,12.56738,1.43738,Homo sapiens
Calculus,SA_002,SRR12462946,aMetagenome,PRJNA657275,Italy,41.87194,12.56738,1.605775,Homo sapiens
Calculus,SA_001,SRR12462947,aMetagenome,PRJNA657275,Italy,41.87194,12.56738,2.103548,Homo sapiens
Calculus,AMNH98137_Q01,SRR12136713,aMetagenome,PRJNA643812,USA,37.09024,-95.712891,0.995928,Homo sapiens
Calculus,364459,SRR12136712,aMetagenome,PRJNA643812,USA,37.09024,-95.712891,0.215966,Homo sapiens
tooth,PCA0161,SRR5047194,aMetagenome,PRJNA354503,Poland,51.919438,19.145136,0.659477,Homo sapiens
tooth,PCA0162,SRR5047069,aMetagenome,PRJNA354503,Poland,51.919438,19.145136,0.465524,Homo sapiens
tooth,PCA0002,SRR5047060,aMetagenome,PRJNA354503,Poland,51.919438,19.145136,0.0431589999999999,Homo sapiens
tooth,PCA0001,SRR5047075,aMetagenome,PRJNA354503,Poland,51.919438,19.145136,0.052493,Homo sapiens
tooth,PCA0005,SRR5047111,aMetagenome,PRJNA354503,Poland,51.919438,19.145136,0.1262029999999999,Homo sapiens
tooth,PCA0007,SRR5047132,aMetagenome,PRJNA354503,Poland,51.919438,19.145136,0.0583119999999999,Homo sapiens
tooth,PCA0006,SRR5047159,aMetagenome,PRJNA354503,Poland,51.919438,19.145136,0.111497,Homo sapiens
tooth,PCA0004,SRR5047164,aMetagenome,PRJNA354503,Poland,51.919438,19.145136,0.037674,Homo sapiens
tooth,PCA0003,SRR5047166,aMetagenome,PRJNA354503,Poland,51.919438,19.145136,0.072723,Homo sapiens
tooth,PCA0015,SRR5047048,aMetagenome,PRJNA354503,Poland,51.919438,19.145136,0.262109,Homo sapiens
tooth,PCA0016,SRR5047157,aMetagenome,PRJNA354503,Poland,51.919438,19.145136,0.3066049999999999,Homo sapiens
tooth,PCA0017,SRR5047051,aMetagenome,PRJNA354503,Poland,51.919438,19.145136,0.258275,Homo sapiens
tooth,PCA0018,SRR5047170,aMetagenome,PRJNA354503,Poland,51.919438,19.145136,0.236919,Homo sapiens
tooth,PCA0019,SRR5047165,aMetagenome,PRJNA354503,Poland,51.919438,19.145136,0.198401,Homo sapiens
tooth,PCA0020,SRR5047057,aMetagenome,PRJNA354503,Poland,51.919438,19.145136,0.280929,Homo sapiens
tooth,PCA0021,SRR5047086,aMetagenome,PRJNA354503,Poland,51.919438,19.145136,0.2035269999999999,Homo sapiens
tooth,PCA0022,SRR5047187,aMetagenome,PRJNA354503,Poland,51.919438,19.145136,0.2419829999999999,Homo sapiens
tooth,PCA0023,SRR5047043,aMetagenome,PRJNA354503,Poland,51.919438,19.145136,0.204225,Homo sapiens
tooth,PCA0024,SRR5047101,aMetagenome,PRJNA354503,Poland,51.919438,19.145136,0.1691939999999999,Homo sapiens
tooth,PCA0025,SRR5047080,aMetagenome,PRJNA354503,Poland,51.919438,19.145136,0.238172,Homo sapiens
tooth,PCA0026,SRR5047146,aMetagenome,PRJNA354503,Poland,51.919438,19.145136,0.22219,Homo sapiens
tooth,PCA0027,SRR5047070,aMetagenome,PRJNA354503,Poland,51.919438,19.145136,0.193442,Homo sapiens
tooth,PCA0028,SRR5047118,aMetagenome,PRJNA354503,Poland,51.919438,19.145136,0.142872,Homo sapiens
tooth,PCA0029,SRR5047085,aMetagenome,PRJNA354503,Poland,51.919438,19.145136,0.1432469999999999,Homo sapiens
tooth,PCA0030,SRR5047138,aMetagenome,PRJNA354503,Poland,51.919438,19.145136,0.188625,Homo sapiens
tooth,PCA0031,SRR5047168,aMetagenome,PRJNA354503,Poland,51.919438,19.145136,0.243231,Homo sapiens
tooth,PCA0032,SRR5047077,aMetagenome,PRJNA354503,Poland,51.919438,19.145136,0.176594,Homo sapiens
tooth,PCA0033,SRR5047156,aMetagenome,PRJNA354503,Poland,51.919438,19.145136,0.2322969999999999,Homo sapiens
tooth,PCA0034,SRR5047058,aMetagenome,PRJNA354503,Poland,51.919438,19.145136,0.305664,Homo sapiens
tooth,PCA0035,SRR5047068,aMetagenome,PRJNA354503,Poland,51.919438,19.145136,0.253094,Homo sapiens
tooth,PCA0036,SRR5047200,aMetagenome,PRJNA354503,Poland,51.919438,19.145136,0.2620059999999999,Homo sapiens
tooth,PCA0037,SRR5047097,aMetagenome,PRJNA354503,Poland,51.919438,19.145136,0.2531569999999999,Homo sapiens
tooth,PCA0038,SRR5047198,aMetagenome,PRJNA354503,Poland,51.919438,19.145136,0.216797,Homo sapiens
tooth,PCA0039,SRR5047176,aMetagenome,PRJNA354503,Poland,51.919438,19.145136,0.0578959999999999,Homo sapiens
tooth,PCA0040,SRR5047177,aMetagenome,PRJNA354503,Poland,51.919438,19.145136,0.242633,Homo sapiens
tooth,PCA0041,SRR5047076,aMetagenome,PRJNA354503,Poland,51.919438,19.145136,0.281336,Homo sapiens
tooth,PCA0042,SRR5047203,aMetagenome,PRJNA354503,Poland,51.919438,19.145136,0.256401,Homo sapiens
tooth,PCA0043,SRR5047126,aMetagenome,PRJNA354503,Poland,51.919438,19.145136,0.266101,Homo sapiens
tooth,PCA0044,SRR5047115,aMetagenome,PRJNA354503,Poland,51.919438,19.145136,0.1867849999999999,Homo sapiens
tooth,PCA0045,SRR5047195,aMetagenome,PRJNA354503,Poland,51.919438,19.145136,0.18747,Homo sapiens
tooth,PCA0046,SRR5047127,aMetagenome,PRJNA354503,Poland,51.919438,19.145136,0.477844,Homo sapiens
tooth,PCA0047,SRR5047045,aMetagenome,PRJNA354503,Poland,51.919438,19.145136,0.5137079999999999,Homo sapiens
tooth,PCA0048,SRR5047100,aMetagenome,PRJNA354503,Poland,51.919438,19.145136,0.506004,Homo sapiens
tooth,PCA0049,SRR5047106,aMetagenome,PRJNA354503,Poland,51.919438,19.145136,0.501572,Homo sapiens
tooth,PCA0050,SRR5047088,aMetagenome,PRJNA354503,Poland,51.919438,19.145136,0.5517759999999999,Homo sapiens
tooth,PCA0051,SRR5047191,aMetagenome,PRJNA354503,Poland,51.919438,19.145136,0.55448,Homo sapiens
tooth,PCA0052,SRR5047065,aMetagenome,PRJNA354503,Poland,51.919438,19.145136,0.446264,Homo sapiens
tooth,PCA0053,SRR5047180,aMetagenome,PRJNA354503,Poland,51.919438,19.145136,0.4708799999999999,Homo sapiens
tooth,PCA0054,SRR5047119,aMetagenome,PRJNA354503,Poland,51.919438,19.145136,0.422301,Homo sapiens
tooth,PCA0055,SRR5047134,aMetagenome,PRJNA354503,Poland,51.919438,19.145136,0.506302,Homo sapiens
tooth,PCA0056,SRR5047094,aMetagenome,PRJNA354503,Poland,51.919438,19.145136,0.4429099999999999,Homo sapiens
tooth,PCA0057,SRR5047053,aMetagenome,PRJNA354503,Poland,51.919438,19.145136,0.7347279999999999,Homo sapiens
tooth,PCA0058,SRR5047196,aMetagenome,PRJNA354503,Poland,51.919438,19.145136,0.47484,Homo sapiens
tooth,PCA0059,SRR5047073,aMetagenome,PRJNA354503,Poland,51.919438,19.145136,0.4757789999999999,Homo sapiens
tooth,PCA0060,SRR5047109,aMetagenome,PRJNA354503,Poland,51.919438,19.145136,0.562974,Homo sapiens
tooth,PCA0061,SRR5047095,aMetagenome,PRJNA354503,Poland,51.919438,19.145136,0.6466259999999999,Homo sapiens
tooth,PCA0062,SRR5047183,aMetagenome,PRJNA354503,Poland,51.919438,19.145136,0.5627559999999999,Homo sapiens
tooth,PCA0063,SRR5047081,aMetagenome,PRJNA354503,Poland,51.919438,19.145136,0.8052039999999999,Homo sapiens
tooth,PCA0064,SRR5047140,aMetagenome,PRJNA354503,Poland,51.919438,19.145136,0.6399309999999999,Homo sapiens
tooth,PCA0065,SRR5047162,aMetagenome,PRJNA354503,Poland,51.919438,19.145136,0.703293,Homo sapiens
tooth,PCA0066,SRR5047090,aMetagenome,PRJNA354503,Poland,51.919438,19.145136,0.54027,Homo sapiens
tooth,PCA0013,SRR5047082,aMetagenome,PRJNA354503,Poland,51.919438,19.145136,0.272729,Homo sapiens
tooth,PCA0014,SRR5047083,aMetagenome,PRJNA354503,Poland,51.919438,19.145136,0.156858,Homo sapiens
tooth,PCA0165,SRR5047067,aMetagenome,PRJNA354503,Poland,51.919438,19.145136,0.3510669999999999,Homo sapiens
tooth,PCA0166,SRR5047113,aMetagenome,PRJNA354503,Poland,51.919438,19.145136,0.5150359999999999,Homo sapiens
tooth,PCA0167,SRR5047190,aMetagenome,PRJNA354503,Poland,51.919438,19.145136,0.369768,Homo sapiens
tooth,PCA0168,SRR5047040,aMetagenome,PRJNA354503,Poland,51.919438,19.145136,0.508675,Homo sapiens
tooth,PCA0169,SRR5047172,aMetagenome,PRJNA354503,Poland,51.919438,19.145136,0.4026389999999999,Homo sapiens
tooth,PCA0170,SRR5047181,aMetagenome,PRJNA354503,Poland,51.919438,19.145136,0.646146,Homo sapiens
tooth,PCA0171,SRR5047201,aMetagenome,PRJNA354503,Poland,51.919438,19.145136,0.463076,Homo sapiens
tooth,PCA0172,SRR5047114,aMetagenome,PRJNA354503,Poland,51.919438,19.145136,0.345557,Homo sapiens
tooth,PCA0173,SRR5047046,aMetagenome,PRJNA354503,Poland,51.919438,19.145136,0.530388,Homo sapiens
tooth,PCA0152,SRR5047117,aMetagenome,PRJNA354503,Poland,51.919438,19.145136,0.238644,Homo sapiens
tooth,PCA0153,SRR5047161,aMetagenome,PRJNA354503,Poland,51.919438,19.145136,0.344931,Homo sapiens
tooth,PCA0154,SRR5047169,aMetagenome,PRJNA354503,Poland,51.919438,19.145136,0.3973959999999999,Homo sapiens
tooth,PCA0155,SRR5047062,aMetagenome,PRJNA354503,Poland,51.919438,19.145136,0.3122669999999999,Homo sapiens
tooth,PCA0156,SRR5047193,aMetagenome,PRJNA354503,Poland,51.919438,19.145136,0.2771,Homo sapiens
tooth,PCA0157,SRR5047152,aMetagenome,PRJNA354503,Poland,51.919438,19.145136,0.28917,Homo sapiens
tooth,PCA0158,SRR5047182,aMetagenome,PRJNA354503,Poland,51.919438,19.145136,0.281912,Homo sapiens
tooth,PCA0159,SRR5047071,aMetagenome,PRJNA354503,Poland,51.919438,19.145136,0.48202,Homo sapiens
tooth,PCA0088,SRR5047063,aMetagenome,PRJNA354503,Poland,51.919438,19.145136,0.385517,Homo sapiens
tooth,PCA0097,SRR5047054,aMetagenome,PRJNA354503,Poland,51.919438,19.145136,0.391256,Homo sapiens
tooth,PCA0098,SRR5047160,aMetagenome,PRJNA354503,Poland,51.919438,19.145136,0.439401,Homo sapiens
tooth,PCA0099,SRR5047178,aMetagenome,PRJNA354503,Poland,51.919438,19.145136,0.361521,Homo sapiens
tooth,PCA0100,SRR5047123,aMetagenome,PRJNA354503,Poland,51.919438,19.145136,0.4312129999999999,Homo sapiens
tooth,PCA0101,SRR5047143,aMetagenome,PRJNA354503,Poland,51.919438,19.145136,0.486857,Homo sapiens
tooth,PCA0102,SRR5047089,aMetagenome,PRJNA354503,Poland,51.919438,19.145136,0.6461009999999999,Homo sapiens
tooth,PCA0103,SRR5047197,aMetagenome,PRJNA354503,Poland,51.919438,19.145136,0.478672,Homo sapiens
tooth,PCA0104,SRR5047136,aMetagenome,PRJNA354503,Poland,51.919438,19.145136,0.4862229999999999,Homo sapiens
tooth,PCA0105,SRR5047047,aMetagenome,PRJNA354503,Poland,51.919438,19.145136,0.4851209999999999,Homo sapiens
tooth,PCA0106,SRR5047092,aMetagenome,PRJNA354503,Poland,51.919438,19.145136,0.491044,Homo sapiens
tooth,PCA0089,SRR5047079,aMetagenome,PRJNA354503,Poland,51.919438,19.145136,0.245555,Homo sapiens
tooth,PCA0107,SRR5047199,aMetagenome,PRJNA354503,Poland,51.919438,19.145136,0.4158239999999999,Homo sapiens
tooth,PCA0108,SRR5047074,aMetagenome,PRJNA354503,Poland,51.919438,19.145136,0.633543,Homo sapiens
tooth,PCA0109,SRR5047129,aMetagenome,PRJNA354503,Poland,51.919438,19.145136,0.35483,Homo sapiens
tooth,PCA0110,SRR5047108,aMetagenome,PRJNA354503,Poland,51.919438,19.145136,0.4216709999999999,Homo sapiens
tooth,PCA0111,SRR5047151,aMetagenome,PRJNA354503,Poland,51.919438,19.145136,0.3629529999999999,Homo sapiens
tooth,PCA0112,SRR5047102,aMetagenome,PRJNA354503,Poland,51.919438,19.145136,0.2135709999999999,Homo sapiens
tooth,PCA0113,SRR5047179,aMetagenome,PRJNA354503,Poland,51.919438,19.145136,0.395263,Homo sapiens
tooth,PCA0114,SRR5047137,aMetagenome,PRJNA354503,Poland,51.919438,19.145136,0.545379,Homo sapiens
tooth,PCA0090,SRR5047144,aMetagenome,PRJNA354503,Poland,51.919438,19.145136,0.403875,Homo sapiens
tooth,PCA0091,SRR5047189,aMetagenome,PRJNA354503,Poland,51.919438,19.145136,0.333759,Homo sapiens
tooth,PCA0092,SRR5047121,aMetagenome,PRJNA354503,Poland,51.919438,19.145136,0.4721169999999999,Homo sapiens
tooth,PCA0093,SRR5047098,aMetagenome,PRJNA354503,Poland,51.919438,19.145136,0.452909,Homo sapiens
tooth,PCA0094,SRR5047124,aMetagenome,PRJNA354503,Poland,51.919438,19.145136,0.480203,Homo sapiens
tooth,PCA0095,SRR5047041,aMetagenome,PRJNA354503,Poland,51.919438,19.145136,0.535027,Homo sapiens
tooth,PCA0096,SRR5047087,aMetagenome,PRJNA354503,Poland,51.919438,19.145136,0.4223389999999999,Homo sapiens
tooth,PCA0115,SRR5047185,aMetagenome,PRJNA354503,Poland,51.919438,19.145136,0.296322,Homo sapiens
tooth,PCA0124,SRR5047184,aMetagenome,PRJNA354503,Poland,51.919438,19.145136,0.819604,Homo sapiens
tooth,PCA0125,SRR5047120,aMetagenome,PRJNA354503,Poland,51.919438,19.145136,0.297913,Homo sapiens
tooth,PCA0126,SRR5047091,aMetagenome,PRJNA354503,Poland,51.919438,19.145136,0.260548,Homo sapiens
tooth,PCA0127,SRR5047122,aMetagenome,PRJNA354503,Poland,51.919438,19.145136,0.370365,Homo sapiens
tooth,PCA0128,SRR5047066,aMetagenome,PRJNA354503,Poland,51.919438,19.145136,0.425612,Homo sapiens
tooth,PCA0129,SRR5047052,aMetagenome,PRJNA354503,Poland,51.919438,19.145136,0.264056,Homo sapiens
tooth,PCA0130,SRR5047093,aMetagenome,PRJNA354503,Poland,51.919438,19.145136,0.366211,Homo sapiens
tooth,PCA0131,SRR5047147,aMetagenome,PRJNA354503,Poland,51.919438,19.145136,0.315696,Homo sapiens
tooth,PCA0132,SRR5047155,aMetagenome,PRJNA354503,Poland,51.919438,19.145136,0.328442,Homo sapiens
tooth,PCA0133,SRR5047116,aMetagenome,PRJNA354503,Poland,51.919438,19.145136,0.29852,Homo sapiens
tooth,PCA0116,SRR5047167,aMetagenome,PRJNA354503,Poland,51.919438,19.145136,0.3834269999999999,Homo sapiens
tooth,PCA0134,SRR5047133,aMetagenome,PRJNA354503,Poland,51.919438,19.145136,0.286138,Homo sapiens
tooth,PCA0135,SRR5047173,aMetagenome,PRJNA354503,Poland,51.919438,19.145136,0.18933,Homo sapiens
tooth,PCA0136,SRR5047107,aMetagenome,PRJNA354503,Poland,51.919438,19.145136,0.3984629999999999,Homo sapiens
tooth,PCA0137,SRR5047059,aMetagenome,PRJNA354503,Poland,51.919438,19.145136,0.2773259999999999,Homo sapiens
tooth,PCA0138,SRR5047141,aMetagenome,PRJNA354503,Poland,51.919438,19.145136,0.2423179999999999,Homo sapiens
tooth,PCA0139,SRR5047163,aMetagenome,PRJNA354503,Poland,51.919438,19.145136,0.307502,Homo sapiens
tooth,PCA0140,SRR5047049,aMetagenome,PRJNA354503,Poland,51.919438,19.145136,0.3044389999999999,Homo sapiens
tooth,PCA0141,SRR5047145,aMetagenome,PRJNA354503,Poland,51.919438,19.145136,0.143336,Homo sapiens
tooth,PCA0142,SRR5047128,aMetagenome,PRJNA354503,Poland,51.919438,19.145136,0.349055,Homo sapiens
tooth,PCA0143,SRR5047188,aMetagenome,PRJNA354503,Poland,51.919438,19.145136,0.1871179999999999,Homo sapiens
tooth,PCA0117,SRR5047186,aMetagenome,PRJNA354503,Poland,51.919438,19.145136,0.29279,Homo sapiens
tooth,PCA0144,SRR5047148,aMetagenome,PRJNA354503,Poland,51.919438,19.145136,0.445596,Homo sapiens
tooth,PCA0145,SRR5047104,aMetagenome,PRJNA354503,Poland,51.919438,19.145136,0.2735619999999999,Homo sapiens
tooth,PCA0146,SRR5047061,aMetagenome,PRJNA354503,Poland,51.919438,19.145136,0.320691,Homo sapiens
tooth,PCA0147,SRR5047078,aMetagenome,PRJNA354503,Poland,51.919438,19.145136,0.203864,Homo sapiens
tooth,PCA0148,SRR5047042,aMetagenome,PRJNA354503,Poland,51.919438,19.145136,0.286531,Homo sapiens
tooth,PCA0149,SRR5047149,aMetagenome,PRJNA354503,Poland,51.919438,19.145136,0.251263,Homo sapiens
tooth,PCA0150,SRR5047044,aMetagenome,PRJNA354503,Poland,51.919438,19.145136,0.005532,Homo sapiens
tooth,PCA0151,SRR5047055,aMetagenome,PRJNA354503,Poland,51.919438,19.145136,0.002399,Homo sapiens
tooth,PCA0118,SRR5047112,aMetagenome,PRJNA354503,Poland,51.919438,19.145136,0.014749,Homo sapiens
tooth,PCA0119,SRR5047154,aMetagenome,PRJNA354503,Poland,51.919438,19.145136,0.429068,Homo sapiens
tooth,PCA0120,SRR5047204,aMetagenome,PRJNA354503,Poland,51.919438,19.145136,0.37168,Homo sapiens
tooth,PCA0121,SRR5047125,aMetagenome,PRJNA354503,Poland,51.919438,19.145136,0.260159,Homo sapiens
tooth,PCA0122,SRR5047153,aMetagenome,PRJNA354503,Poland,51.919438,19.145136,0.22446,Homo sapiens
tooth,PCA0123,SRR5047174,aMetagenome,PRJNA354503,Poland,51.919438,19.145136,0.281929,Homo sapiens
tooth,PCA0067,SRR5047056,aMetagenome,PRJNA354503,Poland,51.919438,19.145136,0.397295,Homo sapiens
tooth,PCA0076,SRR5047130,aMetagenome,PRJNA354503,Poland,51.919438,19.145136,0.1457729999999999,Homo sapiens
tooth,PCA0077,SRR5047139,aMetagenome,PRJNA354503,Poland,51.919438,19.145136,0.151311,Homo sapiens
tooth,PCA0078,SRR5047175,aMetagenome,PRJNA354503,Poland,51.919438,19.145136,0.173611,Homo sapiens
tooth,PCA0079,SRR5047050,aMetagenome,PRJNA354503,Poland,51.919438,19.145136,0.40651,Homo sapiens
tooth,PCA0080,SRR5047192,aMetagenome,PRJNA354503,Poland,51.919438,19.145136,0.029913,Homo sapiens
tooth,PCA0081,SRR5047110,aMetagenome,PRJNA354503,Poland,51.919438,19.145136,0.4318579999999999,Homo sapiens
tooth,PCA0082,SRR5047131,aMetagenome,PRJNA354503,Poland,51.919438,19.145136,0.3742149999999999,Homo sapiens
tooth,PCA0083,SRR5047072,aMetagenome,PRJNA354503,Poland,51.919438,19.145136,0.580054,Homo sapiens
tooth,PCA0084,SRR5047096,aMetagenome,PRJNA354503,Poland,51.919438,19.145136,0.590059,Homo sapiens
tooth,PCA0085,SRR5047150,aMetagenome,PRJNA354503,Poland,51.919438,19.145136,0.3579859999999999,Homo sapiens
tooth,PCA0068,SRR5047099,aMetagenome,PRJNA354503,Poland,51.919438,19.145136,0.3766629999999999,Homo sapiens
tooth,PCA0086,SRR5047084,aMetagenome,PRJNA354503,Poland,51.919438,19.145136,0.0765189999999999,Homo sapiens
tooth,PCA0087,SRR5047171,aMetagenome,PRJNA354503,Poland,51.919438,19.145136,0.566045,Homo sapiens
tooth,PCA0069,SRR5047158,aMetagenome,PRJNA354503,Poland,51.919438,19.145136,0.6812539999999999,Homo sapiens
tooth,PCA0070,SRR5047135,aMetagenome,PRJNA354503,Poland,51.919438,19.145136,0.346682,Homo sapiens
tooth,PCA0071,SRR5047202,aMetagenome,PRJNA354503,Poland,51.919438,19.145136,0.491565,Homo sapiens
tooth,PCA0072,SRR5047105,aMetagenome,PRJNA354503,Poland,51.919438,19.145136,0.438488,Homo sapiens
tooth,PCA0073,SRR5047103,aMetagenome,PRJNA354503,Poland,51.919438,19.145136,0.094581,Homo sapiens
tooth,PCA0074,SRR5047142,aMetagenome,PRJNA354503,Poland,51.919438,19.145136,0.907473,Homo sapiens
tooth,PCA0075,SRR5047064,aMetagenome,PRJNA354503,Poland,51.919438,19.145136,0.577194,Homo sapiens
Plaque,S14-02-D,SRR1794618,mMetagenome,PRJNA255922,USA,37.09024,-95.712891,6.960673,Homo sapiens
Plaque,S13-04-R,SRR1783758,mMetagenome,PRJNA255922,USA,37.09024,-95.712891,6.193765,Homo sapiens
Plaque,S27-04-R,SRR1795018,mMetagenome,PRJNA255922,USA,37.09024,-95.712891,5.3323,Homo sapiens
Plaque,S21-04-R,SRR1795009,mMetagenome,PRJNA255922,USA,37.09024,-95.712891,5.377017,Homo sapiens
Saliva,X4068DNA,SRR5892215,mMetagenome,PRJNA396840,Denmark,56.26392,9.501785,2.441602,Homo sapiens
Saliva,X4056DNA,SRR5892210,mMetagenome,PRJNA396840,Denmark,56.26392,9.501785,2.364201,Homo sapiens
Saliva,X4048DNA,SRR5892193,mMetagenome,PRJNA396840,Denmark,56.26392,9.501785,2.077471,Homo sapiens
Saliva,X4014DNA,SRR5892198,mMetagenome,PRJNA396840,Denmark,56.26392,9.501785,1.92453,Homo sapiens
Saliva,,ERR1474568,mMetagenome,,,,,,Homo sapiens
Saliva,,ERR1474580,mMetagenome,,,,,,Homo sapiens
Saliva,,ERR1474585,mMetagenome,,,,,,Homo sapiens
Saliva,,ERR1474586,mMetagenome,,,,,,Homo sapiens
Sediment/Soil,,ERR2004605,mMetagenome,,,,,,Sediment/Soil
Sediment/Soil,,ERR2004609,mMetagenome,,,,,,Sediment/Soil
Sediment/Soil,,ERR2004615,mMetagenome,,,,,,Sediment/Soil
Sediment/Soil,,SRR1157607,mMetagenome,,,,,,Sediment/Soil
Sediment/Soil,,SRR1157609,mMetagenome,,,,,,Sediment/Soil
Skin,,SRR1620017,mMetagenome,,,,,,Homo sapiens
Plaque,,SRR1952513,mMetagenome,,,,,,Homo sapiens
Plaque,,SRR1952567,mMetagenome,,,,,,Homo sapiens
Plaque,,SRR1952611,mMetagenome,,,,,,Homo sapiens
Plaque,,SRR1952623,mMetagenome,,,,,,Homo sapiens
Plaque,,SRR2240834,mMetagenome,,,,,,Homo sapiens
Plaque,,SRR2240920,mMetagenome,,,,,,Homo sapiens
Plaque,,SRR3586059,mMetagenome,,,,,,Homo sapiens
Plaque,,SRR3586060,mMetagenome,,,,,,Homo sapiens
Plaque,,SRR3586063,mMetagenome,,,,,,Homo sapiens
Plaque,,SRR3586064,mMetagenome,,,,,,Homo sapiens
Skin,,SRR3644405,mMetagenome,,,,,,Homo sapiens
Sediment/Soil,,SRR5277367,mMetagenome,,,,,,Sediment/Soil
Saliva,,SRR7448290,mMetagenome,,,,,,Homo sapiens
Saliva,,SRR7448291,mMetagenome,,,,,,Homo sapiens
Saliva,,SRR7448292,mMetagenome,,,,,,Homo sapiens
Saliva,,SRR7448294,mMetagenome,,,,,,Homo sapiens
Saliva,,SRR7448307,mMetagenome,,,,,,Homo sapiens
Saliva,,SRR7448312,mMetagenome,,,,,,Homo sapiens
Skin,,SRR7687997,mMetagenome,,,,,,Homo sapiens
Skin,,SRR7992620,mMetagenome,,,,,,Homo sapiens
Skin,,SRR7992621,mMetagenome,,,,,,Homo sapiens
Skin,,SRR7992810,mMetagenome,,,,,,Homo sapiens
Sediment/Soil,,SRR8465122,mMetagenome,,,,,,Sediment/Soil
Sediment/Soil,,SRR8465471,mMetagenome,,,,,,Sediment/Soil
Sediment/Soil,,ERR1883418,mMetagenome,PRJEB18629,Russia,,,,Sediment/Soil
Sediment/Soil,,ERR1883419,mMetagenome,PRJEB18629,Russia,,,,Sediment/Soil
Sediment/Soil,,ERR1883420,mMetagenome,PRJEB18629,Russia,,,,Sediment/Soil
Sediment/Soil,,ERR1883421,mMetagenome,PRJEB18629,Russia,,,,Sediment/Soil
Sediment/Soil,,ERR1883422,mMetagenome,PRJEB18629,Russia,,,,Sediment/Soil
Sediment/Soil,,ERR1883423,mMetagenome,PRJEB18629,Russia,,,,Sediment/Soil
Sediment/Soil,,ERR1883424,mMetagenome,PRJEB18629,Russia,,,,Sediment/Soil
Sediment/Soil,,ERR1883430,mMetagenome,PRJEB18629,Russia,,,,Sediment/Soil
Sediment/Soil,,ERR1883436,mMetagenome,PRJEB18629,Russia,,,,Sediment/Soil
Sediment/Soil,,ERR1883438,mMetagenome,PRJEB18629,Russia,,,,Sediment/Soil
Calculus,,ERR3307045,mMetagenome,,Spain,,,,Homo sapiens
Calculus,,ERR3307046,mMetagenome,,Spain,,,,Homo sapiens
Calculus,,ERR3307047,mMetagenome,,Spain,,,,Homo sapiens
Calculus,,ERR3307048,mMetagenome,,Spain,,,,Homo sapiens
Calculus,,ERR3307049,mMetagenome,,Spain,,,,Homo sapiens
Calculus,,ERR3307050,mMetagenome,,Spain,,,,Homo sapiens
Calculus,,ERR3307051,mMetagenome,,Spain,,,,Homo sapiens
Calculus,,ERR3307052,mMetagenome,,Spain,,,,Homo sapiens
Calculus,,ERR3307053,mMetagenome,,Spain,,,,Homo sapiens
Calculus,,ERR3307054,mMetagenome,,Spain,,,,Homo sapiens
Plaque,,SRR061192,mMetagenome,PRJNA48479,USA,,,,Homo sapiens
Plaque,,SRR061294,mMetagenome,PRJNA48479,USA,,,,Homo sapiens
Plaque,,SRR061320,mMetagenome,PRJNA48479,USA,,,,Homo sapiens
Plaque,,SRR061365,mMetagenome,PRJNA48479,USA,,,,Homo sapiens
Plaque,,SRR061562,mMetagenome,PRJNA48479,USA,,,,Homo sapiens
Plaque,,SRR062083,mMetagenome,PRJNA48479,USA,,,,Homo sapiens
Plaque,,SRR062298,mMetagenome,PRJNA48479,USA,,,,Homo sapiens
Plaque,,SRR062299,mMetagenome,PRJNA48479,USA,,,,Homo sapiens
Plaque,,SRR063517,mMetagenome,PRJNA48479,USA,,,,Homo sapiens
Skin,,SRR1631060,mMetagenome,PRJNA46333,USA,,,,Homo sapiens
Skin,,SRR1631061,mMetagenome,PRJNA46333,USA,,,,Homo sapiens
Skin,,SRR1631063,mMetagenome,PRJNA46333,USA,,,,Homo sapiens
Skin,,SRR1631064,mMetagenome,PRJNA46333,USA,,,,Homo sapiens
Skin,,SRR1633008,mMetagenome,PRJNA46333,USA,,,,Homo sapiens
Plaque,,SRR1804664,mMetagenome,PRJNA48479,USA,,,,Homo sapiens
Plaque,,SRR1804823,mMetagenome,PRJNA48479,USA,,,,Homo sapiens
Skin,,SRR3184100,mMetagenome,PRJNA46333,USA,,,,Homo sapiens
Skin,,SRR3184876,mMetagenome,PRJNA46333,USA,,,,Homo sapiens
Skin,,SRR3189411,mMetagenome,PRJNA46333,USA,,,,Homo sapiens
Skin,,SRR3189416,mMetagenome,PRJNA46333,USA,,,,Homo sapiens
Skin,,SRR3189418,mMetagenome,PRJNA46333,USA,,,,Homo sapiens
Plaque,,SRR512767,mMetagenome,PRJNA48479,USA,,,,Homo sapiens
Plaque,,SRR513165,mMetagenome,PRJNA48479,USA,,,,Homo sapiens
Plaque,,SRR513768,mMetagenome,PRJNA48479,USA,,,,Homo sapiens
Plaque,,SRR513775,mMetagenome,PRJNA48479,USA,,,,Homo sapiens
Plaque,,SRR513828,mMetagenome,PRJNA48479,USA,,,,Homo sapiens
Plaque,,SRR514202,mMetagenome,PRJNA48479,USA,,,,Homo sapiens
Plaque,,SRR514239,mMetagenome,PRJNA48479,USA,,,,Homo sapiens
Plaque,,SRR514306,mMetagenome,PRJNA48479,USA,,,,Homo sapiens
Plaque,,SRR514329,mMetagenome,PRJNA48479,USA,,,,Homo sapiens
Calculus,,ERR3579819,mMetagenome,,Spain,,,,Homo sapiens
Calculus,,ERR3579820,mMetagenome,,Spain,,,,Homo sapiens
Calculus,,ERR3579821,mMetagenome,,Spain,,,,Homo sapiens
Calculus,,ERR3579822,mMetagenome,,Spain,,,,Homo sapiens
Calculus,,ERR3579823,mMetagenome,,Spain,,,,Homo sapiens
Calculus,,ERR3579824,mMetagenome,,Spain,,,,Homo sapiens
Calculus,,ERR3579825,mMetagenome,,Spain,,,,Homo sapiens
Calculus,,ERR3579826,mMetagenome,,Spain,,,,Homo sapiens
